COMMAND,Guid,Name,PWD,ProcessID,SHA256,SystemTime,TTY,ThreadID,USER,UserId,"_raw","_time","date_hour","date_mday","date_minute","date_month","date_second","date_wday","date_year","date_zone",eventtype,host,index,linecount,pid,process,punct,source,sourcetype,"splunk_server","splunk_server_group",timeendpos,timestartpos
,"{ff032593-a8d3-4f13-b0d6-01fc615a0f97}","Linux-Sysmon",,1135,"eabd8d2fe96d12c06d82b1f4dd6e6538b159147ffc114e2f884c88741b1cb22f</Data><Data Name=""ParentProcessGuid"">{d3ab02d2-ea2e-6823-0173-dc61de550000}</Data><Data Name=""ParentProcessId"">448451</Data><Data Name=""ParentImage"">/usr/bin/zsh</Data><Data Name=""ParentCommandLine"">/usr/bin/zsh</Data><Data Name=""ParentUser"">root</Data></EventData></Event>","2025-05-15T13:24:40.701392000Z",,1135,,0,"2025-05-15T18:54:40.701916+05:30 kali sysmon: <Event><System><Provider Name=""Linux-Sysmon"" Guid=""{ff032593-a8d3-4f13-b0d6-01fc615a0f97}""/><EventID>1</EventID><Version>5</Version><Level>4</Level><Task>1</Task><Opcode>0</Opcode><Keywords>0x8000000000000000</Keywords><TimeCreated SystemTime=""2025-05-15T13:24:40.701392000Z""/><EventRecordID>1001911</EventRecordID><Correlation/><Execution ProcessID=""1135"" ThreadID=""1135""/><Channel>Linux-Sysmon/Operational</Channel><Computer>kali</Computer><Security UserId=""0""/></System><EventData><Data Name=""RuleName"">-</Data><Data Name=""UtcTime"">2025-05-14 01:08:02.561</Data><Data Name=""ProcessGuid"">{d3ab02d2-ecf2-6823-1924-c28a03560000}</Data><Data Name=""ProcessId"">454505</Data><Data Name=""Image"">/usr/bin/cat</Data><Data Name=""FileVersion"">-</Data><Data Name=""Description"">-</Data><Data Name=""Product"">-</Data><Data Name=""Company"">-</Data><Data Name=""OriginalFileName"">-</Data><Data Name=""CommandLine"">cat /var/log/auth.log</Data><Data Name=""CurrentDirectory"">/root</Data><Data Name=""User"">root</Data><Data Name=""LogonGuid"">{d3ab02d2-0000-0000-0000-000000000000}</Data><Data Name=""LogonId"">0</Data><Data Name=""TerminalSessionId"">138</Data><Data Name=""IntegrityLevel"">no level</Data><Data Name=""Hashes"">SHA256=eabd8d2fe96d12c06d82b1f4dd6e6538b159147ffc114e2f884c88741b1cb22f</Data><Data Name=""ParentProcessGuid"">{d3ab02d2-ea2e-6823-0173-dc61de550000}</Data><Data Name=""ParentProcessId"">448451</Data><Data Name=""ParentImage"">/usr/bin/zsh</Data><Data Name=""ParentCommandLine"">/usr/bin/zsh</Data><Data Name=""ParentUser"">root</Data></EventData></Event>","2025-05-15T18:54:40.701+0530",18,15,54,may,40,thursday,2025,330,,kali,"linux_logs",1,,sysmon,"--::.+:__:_<><><_=""-""_=""{----}""/><></><></><></><>","/var/log/syslog",syslog,KANHA,,32,0
,"{ff032593-a8d3-4f13-b0d6-01fc615a0f97}","Linux-Sysmon",,1135,,"2025-05-15T13:12:53.584006000Z",,1135,,0,"2025-05-15T18:42:53.584234+05:30 kali sysmon: <Event><System><Provider Name=""Linux-Sysmon"" Guid=""{ff032593-a8d3-4f13-b0d6-01fc615a0f97}""/><EventID>23</EventID><Version>5</Version><Level>4</Level><Task>23</Task><Opcode>0</Opcode><Keywords>0x8000000000000000</Keywords><TimeCreated SystemTime=""2025-05-15T13:12:53.584006000Z""/><EventRecordID>991177</EventRecordID><Correlation/><Execution ProcessID=""1135"" ThreadID=""1135""/><Channel>Linux-Sysmon/Operational</Channel><Computer>kali</Computer><Security UserId=""0""/></System><EventData><Data Name=""RuleName"">-</Data><Data Name=""UtcTime"">2025-05-14 00:56:15.447</Data><Data Name=""ProcessGuid"">{d3ab02d2-ea2e-6823-0173-dc61de550000}</Data><Data Name=""ProcessId"">448451</Data><Data Name=""User"">-</Data><Data Name=""Image"">/usr/bin/zsh</Data><Data Name=""TargetFilename"">/root/.zsh_history.LOCK</Data><Data Name=""Hashes"">-</Data><Data Name=""IsExecutable"">-</Data><Data Name=""Archived"">-</Data></EventData></Event>","2025-05-15T18:42:53.584+0530",18,15,42,may,53,thursday,2025,330,,kali,"linux_logs",1,,sysmon,"--::.+:__:_<><><_=""-""_=""{----}""/><></><></><></><>","/var/log/syslog",syslog,KANHA,,32,0
,"{ff032593-a8d3-4f13-b0d6-01fc615a0f97}","Linux-Sysmon",,1135,,"2025-05-15T13:12:44.373694000Z",,1135,,0,"2025-05-15T18:42:44.374159+05:30 kali sysmon: <Event><System><Provider Name=""Linux-Sysmon"" Guid=""{ff032593-a8d3-4f13-b0d6-01fc615a0f97}""/><EventID>23</EventID><Version>5</Version><Level>4</Level><Task>23</Task><Opcode>0</Opcode><Keywords>0x8000000000000000</Keywords><TimeCreated SystemTime=""2025-05-15T13:12:44.373694000Z""/><EventRecordID>990522</EventRecordID><Correlation/><Execution ProcessID=""1135"" ThreadID=""1135""/><Channel>Linux-Sysmon/Operational</Channel><Computer>kali</Computer><Security UserId=""0""/></System><EventData><Data Name=""RuleName"">-</Data><Data Name=""UtcTime"">2025-05-14 00:56:06.236</Data><Data Name=""ProcessGuid"">{d3ab02d2-e861-6823-01a3-758d45560000}</Data><Data Name=""ProcessId"">444311</Data><Data Name=""User"">kali</Data><Data Name=""Image"">/usr/bin/zsh</Data><Data Name=""TargetFilename"">/home/kali/.zsh_history.LOCK</Data><Data Name=""Hashes"">-</Data><Data Name=""IsExecutable"">-</Data><Data Name=""Archived"">-</Data></EventData></Event>","2025-05-15T18:42:44.374+0530",18,15,42,may,44,thursday,2025,330,,kali,"linux_logs",1,,sysmon,"--::.+:__:_<><><_=""-""_=""{----}""/><></><></><></><>","/var/log/syslog",syslog,KANHA,,32,0
,"{ff032593-a8d3-4f13-b0d6-01fc615a0f97}","Linux-Sysmon",,1135,,"2025-05-15T13:12:41.676717000Z",,1135,,0,"2025-05-15T18:42:41.676963+05:30 kali sysmon: <Event><System><Provider Name=""Linux-Sysmon"" Guid=""{ff032593-a8d3-4f13-b0d6-01fc615a0f97}""/><EventID>23</EventID><Version>5</Version><Level>4</Level><Task>23</Task><Opcode>0</Opcode><Keywords>0x8000000000000000</Keywords><TimeCreated SystemTime=""2025-05-15T13:12:41.676717000Z""/><EventRecordID>990470</EventRecordID><Correlation/><Execution ProcessID=""1135"" ThreadID=""1135""/><Channel>Linux-Sysmon/Operational</Channel><Computer>kali</Computer><Security UserId=""0""/></System><EventData><Data Name=""RuleName"">-</Data><Data Name=""UtcTime"">2025-05-14 00:56:03.539</Data><Data Name=""ProcessGuid"">{d3ab02d2-e866-6823-0123-018c66550000}</Data><Data Name=""ProcessId"">444410</Data><Data Name=""User"">-</Data><Data Name=""Image"">/usr/bin/zsh</Data><Data Name=""TargetFilename"">/root/.zsh_history.LOCK</Data><Data Name=""Hashes"">-</Data><Data Name=""IsExecutable"">-</Data><Data Name=""Archived"">-</Data></EventData></Event>","2025-05-15T18:42:41.676+0530",18,15,42,may,41,thursday,2025,330,,kali,"linux_logs",1,,sysmon,"--::.+:__:_<><><_=""-""_=""{----}""/><></><></><></><>","/var/log/syslog",syslog,KANHA,,32,0
,"{ff032593-a8d3-4f13-b0d6-01fc615a0f97}","Linux-Sysmon",,1135,,"2025-05-15T13:05:18.108761000Z",,1135,,0,"2025-05-15T18:35:18.109275+05:30 kali sysmon: <Event><System><Provider Name=""Linux-Sysmon"" Guid=""{ff032593-a8d3-4f13-b0d6-01fc615a0f97}""/><EventID>23</EventID><Version>5</Version><Level>4</Level><Task>23</Task><Opcode>0</Opcode><Keywords>0x8000000000000000</Keywords><TimeCreated SystemTime=""2025-05-15T13:05:18.108761000Z""/><EventRecordID>983669</EventRecordID><Correlation/><Execution ProcessID=""1135"" ThreadID=""1135""/><Channel>Linux-Sysmon/Operational</Channel><Computer>kali</Computer><Security UserId=""0""/></System><EventData><Data Name=""RuleName"">-</Data><Data Name=""UtcTime"">2025-05-14 00:48:39.972</Data><Data Name=""ProcessGuid"">{d3ab02d2-e866-6823-0123-018c66550000}</Data><Data Name=""ProcessId"">444410</Data><Data Name=""User"">-</Data><Data Name=""Image"">/usr/bin/zsh</Data><Data Name=""TargetFilename"">/root/.zsh_history.LOCK</Data><Data Name=""Hashes"">-</Data><Data Name=""IsExecutable"">-</Data><Data Name=""Archived"">-</Data></EventData></Event>","2025-05-15T18:35:18.109+0530",18,15,35,may,18,thursday,2025,330,,kali,"linux_logs",1,,sysmon,"--::.+:__:_<><><_=""-""_=""{----}""/><></><></><></><>","/var/log/syslog",syslog,KANHA,,32,0
,"{ff032593-a8d3-4f13-b0d6-01fc615a0f97}","Linux-Sysmon",,1135,,"2025-05-15T13:05:11.840462000Z",,1135,,0,"2025-05-15T18:35:11.840785+05:30 kali sysmon: <Event><System><Provider Name=""Linux-Sysmon"" Guid=""{ff032593-a8d3-4f13-b0d6-01fc615a0f97}""/><EventID>23</EventID><Version>5</Version><Level>4</Level><Task>23</Task><Opcode>0</Opcode><Keywords>0x8000000000000000</Keywords><TimeCreated SystemTime=""2025-05-15T13:05:11.840462000Z""/><EventRecordID>982872</EventRecordID><Correlation/><Execution ProcessID=""1135"" ThreadID=""1135""/><Channel>Linux-Sysmon/Operational</Channel><Computer>kali</Computer><Security UserId=""0""/></System><EventData><Data Name=""RuleName"">-</Data><Data Name=""UtcTime"">2025-05-14 00:48:33.703</Data><Data Name=""ProcessGuid"">{d3ab02d2-e861-6823-01a3-758d45560000}</Data><Data Name=""ProcessId"">444311</Data><Data Name=""User"">kali</Data><Data Name=""Image"">/usr/bin/zsh</Data><Data Name=""TargetFilename"">/home/kali/.zsh_history.LOCK</Data><Data Name=""Hashes"">-</Data><Data Name=""IsExecutable"">-</Data><Data Name=""Archived"">-</Data></EventData></Event>","2025-05-15T18:35:11.840+0530",18,15,35,may,11,thursday,2025,330,,kali,"linux_logs",1,,sysmon,"--::.+:__:_<><><_=""-""_=""{----}""/><></><></><></><>","/var/log/syslog",syslog,KANHA,,32,0
,"{ff032593-a8d3-4f13-b0d6-01fc615a0f97}","Linux-Sysmon",,1135,,"2025-05-15T13:05:09.808979000Z",,1135,,0,"2025-05-15T18:35:09.809574+05:30 kali sysmon: <Event><System><Provider Name=""Linux-Sysmon"" Guid=""{ff032593-a8d3-4f13-b0d6-01fc615a0f97}""/><EventID>23</EventID><Version>5</Version><Level>4</Level><Task>23</Task><Opcode>0</Opcode><Keywords>0x8000000000000000</Keywords><TimeCreated SystemTime=""2025-05-15T13:05:09.808979000Z""/><EventRecordID>982824</EventRecordID><Correlation/><Execution ProcessID=""1135"" ThreadID=""1135""/><Channel>Linux-Sysmon/Operational</Channel><Computer>kali</Computer><Security UserId=""0""/></System><EventData><Data Name=""RuleName"">-</Data><Data Name=""UtcTime"">2025-05-14 00:48:31.672</Data><Data Name=""ProcessGuid"">{d3ab02d2-b9b6-6823-0153-08560c560000}</Data><Data Name=""ProcessId"">344915</Data><Data Name=""User"">-</Data><Data Name=""Image"">/usr/bin/zsh</Data><Data Name=""TargetFilename"">/root/.zsh_history.LOCK</Data><Data Name=""Hashes"">-</Data><Data Name=""IsExecutable"">-</Data><Data Name=""Archived"">-</Data></EventData></Event>","2025-05-15T18:35:09.809+0530",18,15,35,may,9,thursday,2025,330,,kali,"linux_logs",1,,sysmon,"--::.+:__:_<><><_=""-""_=""{----}""/><></><></><></><>","/var/log/syslog",syslog,KANHA,,32,0
,"{ff032593-a8d3-4f13-b0d6-01fc615a0f97}","Linux-Sysmon",,1135,"eabd8d2fe96d12c06d82b1f4dd6e6538b159147ffc114e2f884c88741b1cb22f</Data><Data Name=""ParentProcessGuid"">{d3ab02d2-b9b6-6823-0153-08560c560000}</Data><Data Name=""ParentProcessId"">344915</Data><Data Name=""ParentImage"">/usr/bin/zsh</Data><Data Name=""ParentCommandLine"">/usr/bin/zsh</Data><Data Name=""ParentUser"">root</Data></EventData></Event>","2025-05-15T11:11:13.358866000Z",,1135,,0,"2025-05-15T16:41:13.359238+05:30 kali sysmon: <Event><System><Provider Name=""Linux-Sysmon"" Guid=""{ff032593-a8d3-4f13-b0d6-01fc615a0f97}""/><EventID>1</EventID><Version>5</Version><Level>4</Level><Task>1</Task><Opcode>0</Opcode><Keywords>0x8000000000000000</Keywords><TimeCreated SystemTime=""2025-05-15T11:11:13.358866000Z""/><EventRecordID>877286</EventRecordID><Correlation/><Execution ProcessID=""1135"" ThreadID=""1135""/><Channel>Linux-Sysmon/Operational</Channel><Computer>kali</Computer><Security UserId=""0""/></System><EventData><Data Name=""RuleName"">-</Data><Data Name=""UtcTime"">2025-05-13 22:54:35.220</Data><Data Name=""ProcessGuid"">{d3ab02d2-cdab-6823-1904-7dc22f560000}</Data><Data Name=""ProcessId"">388095</Data><Data Name=""Image"">/usr/bin/cat</Data><Data Name=""FileVersion"">-</Data><Data Name=""Description"">-</Data><Data Name=""Product"">-</Data><Data Name=""Company"">-</Data><Data Name=""OriginalFileName"">-</Data><Data Name=""CommandLine"">cat /var/log/auth.log</Data><Data Name=""CurrentDirectory"">/var/log</Data><Data Name=""User"">root</Data><Data Name=""LogonGuid"">{d3ab02d2-0000-0000-0000-000000000000}</Data><Data Name=""LogonId"">0</Data><Data Name=""TerminalSessionId"">138</Data><Data Name=""IntegrityLevel"">no level</Data><Data Name=""Hashes"">SHA256=eabd8d2fe96d12c06d82b1f4dd6e6538b159147ffc114e2f884c88741b1cb22f</Data><Data Name=""ParentProcessGuid"">{d3ab02d2-b9b6-6823-0153-08560c560000}</Data><Data Name=""ParentProcessId"">344915</Data><Data Name=""ParentImage"">/usr/bin/zsh</Data><Data Name=""ParentCommandLine"">/usr/bin/zsh</Data><Data Name=""ParentUser"">root</Data></EventData></Event>","2025-05-15T16:41:13.359+0530",16,15,41,may,13,thursday,2025,330,,kali,"linux_logs",1,,sysmon,"--::.+:__:_<><><_=""-""_=""{----}""/><></><></><></><>","/var/log/syslog",syslog,KANHA,,32,0
,"{ff032593-a8d3-4f13-b0d6-01fc615a0f97}","Linux-Sysmon",,1135,"eabd8d2fe96d12c06d82b1f4dd6e6538b159147ffc114e2f884c88741b1cb22f</Data><Data Name=""ParentProcessGuid"">{d3ab02d2-b9b6-6823-0153-08560c560000}</Data><Data Name=""ParentProcessId"">344915</Data><Data Name=""ParentImage"">/usr/bin/zsh</Data><Data Name=""ParentCommandLine"">/usr/bin/zsh</Data><Data Name=""ParentUser"">root</Data></EventData></Event>","2025-05-15T10:58:20.716627000Z",,1135,,0,"2025-05-15T16:28:20.717116+05:30 kali sysmon: <Event><System><Provider Name=""Linux-Sysmon"" Guid=""{ff032593-a8d3-4f13-b0d6-01fc615a0f97}""/><EventID>1</EventID><Version>5</Version><Level>4</Level><Task>1</Task><Opcode>0</Opcode><Keywords>0x8000000000000000</Keywords><TimeCreated SystemTime=""2025-05-15T10:58:20.716627000Z""/><EventRecordID>864219</EventRecordID><Correlation/><Execution ProcessID=""1135"" ThreadID=""1135""/><Channel>Linux-Sysmon/Operational</Channel><Computer>kali</Computer><Security UserId=""0""/></System><EventData><Data Name=""RuleName"">-</Data><Data Name=""UtcTime"">2025-05-13 22:41:42.572</Data><Data Name=""ProcessGuid"">{d3ab02d2-caa6-6823-1994-940bf4550000}</Data><Data Name=""ProcessId"">381123</Data><Data Name=""Image"">/usr/bin/cat</Data><Data Name=""FileVersion"">-</Data><Data Name=""Description"">-</Data><Data Name=""Product"">-</Data><Data Name=""Company"">-</Data><Data Name=""OriginalFileName"">-</Data><Data Name=""CommandLine"">cat /var/log/auth.log</Data><Data Name=""CurrentDirectory"">/root</Data><Data Name=""User"">root</Data><Data Name=""LogonGuid"">{d3ab02d2-0000-0000-0000-000000000000}</Data><Data Name=""LogonId"">0</Data><Data Name=""TerminalSessionId"">138</Data><Data Name=""IntegrityLevel"">no level</Data><Data Name=""Hashes"">SHA256=eabd8d2fe96d12c06d82b1f4dd6e6538b159147ffc114e2f884c88741b1cb22f</Data><Data Name=""ParentProcessGuid"">{d3ab02d2-b9b6-6823-0153-08560c560000}</Data><Data Name=""ParentProcessId"">344915</Data><Data Name=""ParentImage"">/usr/bin/zsh</Data><Data Name=""ParentCommandLine"">/usr/bin/zsh</Data><Data Name=""ParentUser"">root</Data></EventData></Event>","2025-05-15T16:28:20.717+0530",16,15,28,may,20,thursday,2025,330,,kali,"linux_logs",1,,sysmon,"--::.+:__:_<><><_=""-""_=""{----}""/><></><></><></><>","/var/log/syslog",syslog,KANHA,,32,0
,"{ff032593-a8d3-4f13-b0d6-01fc615a0f97}","Linux-Sysmon",,1135,,"2025-05-15T10:43:11.731828000Z",,1135,,0,"2025-05-15T16:13:11.732207+05:30 kali sysmon: <Event><System><Provider Name=""Linux-Sysmon"" Guid=""{ff032593-a8d3-4f13-b0d6-01fc615a0f97}""/><EventID>23</EventID><Version>5</Version><Level>4</Level><Task>23</Task><Opcode>0</Opcode><Keywords>0x8000000000000000</Keywords><TimeCreated SystemTime=""2025-05-15T10:43:11.731828000Z""/><EventRecordID>849692</EventRecordID><Correlation/><Execution ProcessID=""1135"" ThreadID=""1135""/><Channel>Linux-Sysmon/Operational</Channel><Computer>kali</Computer><Security UserId=""0""/></System><EventData><Data Name=""RuleName"">-</Data><Data Name=""UtcTime"">2025-05-13 22:26:33.593</Data><Data Name=""ProcessGuid"">{d3ab02d2-c5d5-6823-0103-8e871b560000}</Data><Data Name=""ProcessId"">370727</Data><Data Name=""User"">kali</Data><Data Name=""Image"">/usr/bin/zsh</Data><Data Name=""TargetFilename"">/home/kali/.zsh_history.LOCK</Data><Data Name=""Hashes"">-</Data><Data Name=""IsExecutable"">-</Data><Data Name=""Archived"">-</Data></EventData></Event>","2025-05-15T16:13:11.732+0530",16,15,13,may,11,thursday,2025,330,,kali,"linux_logs",1,,sysmon,"--::.+:__:_<><><_=""-""_=""{----}""/><></><></><></><>","/var/log/syslog",syslog,KANHA,,32,0
,"{ff032593-a8d3-4f13-b0d6-01fc615a0f97}","Linux-Sysmon",,1135,,"2025-05-15T10:37:48.257909000Z",,1135,,0,"2025-05-15T16:07:48.258295+05:30 kali sysmon: <Event><System><Provider Name=""Linux-Sysmon"" Guid=""{ff032593-a8d3-4f13-b0d6-01fc615a0f97}""/><EventID>23</EventID><Version>5</Version><Level>4</Level><Task>23</Task><Opcode>0</Opcode><Keywords>0x8000000000000000</Keywords><TimeCreated SystemTime=""2025-05-15T10:37:48.257909000Z""/><EventRecordID>844674</EventRecordID><Correlation/><Execution ProcessID=""1135"" ThreadID=""1135""/><Channel>Linux-Sysmon/Operational</Channel><Computer>kali</Computer><Security UserId=""0""/></System><EventData><Data Name=""RuleName"">-</Data><Data Name=""UtcTime"">2025-05-13 22:21:10.121</Data><Data Name=""ProcessGuid"">{d3ab02d2-c5d5-6823-0103-8e871b560000}</Data><Data Name=""ProcessId"">370727</Data><Data Name=""User"">kali</Data><Data Name=""Image"">/usr/bin/zsh</Data><Data Name=""TargetFilename"">/home/kali/.zsh_history.LOCK</Data><Data Name=""Hashes"">-</Data><Data Name=""IsExecutable"">-</Data><Data Name=""Archived"">-</Data></EventData></Event>","2025-05-15T16:07:48.258+0530",16,15,7,may,48,thursday,2025,330,,kali,"linux_logs",1,,sysmon,"--::.+:__:_<><><_=""-""_=""{----}""/><></><></><></><>","/var/log/syslog",syslog,KANHA,,32,0
,"{ff032593-a8d3-4f13-b0d6-01fc615a0f97}","Linux-Sysmon",,1135,,"2025-05-15T10:37:32.919314000Z",,1135,,0,"2025-05-15T16:07:32.920038+05:30 kali sysmon: <Event><System><Provider Name=""Linux-Sysmon"" Guid=""{ff032593-a8d3-4f13-b0d6-01fc615a0f97}""/><EventID>23</EventID><Version>5</Version><Level>4</Level><Task>23</Task><Opcode>0</Opcode><Keywords>0x8000000000000000</Keywords><TimeCreated SystemTime=""2025-05-15T10:37:32.919314000Z""/><EventRecordID>844386</EventRecordID><Correlation/><Execution ProcessID=""1135"" ThreadID=""1135""/><Channel>Linux-Sysmon/Operational</Channel><Computer>kali</Computer><Security UserId=""0""/></System><EventData><Data Name=""RuleName"">-</Data><Data Name=""UtcTime"">2025-05-13 22:20:54.781</Data><Data Name=""ProcessGuid"">{d3ab02d2-c4ed-6823-0123-a46380550000}</Data><Data Name=""ProcessId"">368831</Data><Data Name=""User"">kali</Data><Data Name=""Image"">/usr/bin/zsh</Data><Data Name=""TargetFilename"">/home/kali/.zsh_history.LOCK</Data><Data Name=""Hashes"">-</Data><Data Name=""IsExecutable"">-</Data><Data Name=""Archived"">-</Data></EventData></Event>","2025-05-15T16:07:32.920+0530",16,15,7,may,32,thursday,2025,330,,kali,"linux_logs",1,,sysmon,"--::.+:__:_<><><_=""-""_=""{----}""/><></><></><></><>","/var/log/syslog",syslog,KANHA,,32,0
,"{ff032593-a8d3-4f13-b0d6-01fc615a0f97}","Linux-Sysmon",,1135,,"2025-05-15T10:37:32.898265000Z",,1135,,0,"2025-05-15T16:07:32.898567+05:30 kali sysmon: <Event><System><Provider Name=""Linux-Sysmon"" Guid=""{ff032593-a8d3-4f13-b0d6-01fc615a0f97}""/><EventID>23</EventID><Version>5</Version><Level>4</Level><Task>23</Task><Opcode>0</Opcode><Keywords>0x8000000000000000</Keywords><TimeCreated SystemTime=""2025-05-15T10:37:32.898265000Z""/><EventRecordID>844379</EventRecordID><Correlation/><Execution ProcessID=""1135"" ThreadID=""1135""/><Channel>Linux-Sysmon/Operational</Channel><Computer>kali</Computer><Security UserId=""0""/></System><EventData><Data Name=""RuleName"">-</Data><Data Name=""UtcTime"">2025-05-13 22:20:54.761</Data><Data Name=""ProcessGuid"">{d3ab02d2-c4d8-6823-0173-15f620560000}</Data><Data Name=""ProcessId"">368621</Data><Data Name=""User"">kali</Data><Data Name=""Image"">/usr/bin/zsh</Data><Data Name=""TargetFilename"">/home/kali/.zsh_history.LOCK</Data><Data Name=""Hashes"">-</Data><Data Name=""IsExecutable"">-</Data><Data Name=""Archived"">-</Data></EventData></Event>","2025-05-15T16:07:32.898+0530",16,15,7,may,32,thursday,2025,330,,kali,"linux_logs",1,,sysmon,"--::.+:__:_<><><_=""-""_=""{----}""/><></><></><></><>","/var/log/syslog",syslog,KANHA,,32,0
,"{ff032593-a8d3-4f13-b0d6-01fc615a0f97}","Linux-Sysmon",,1135,,"2025-05-15T10:33:55.849500000Z",,1135,,0,"2025-05-15T16:03:55.849762+05:30 kali sysmon: <Event><System><Provider Name=""Linux-Sysmon"" Guid=""{ff032593-a8d3-4f13-b0d6-01fc615a0f97}""/><EventID>23</EventID><Version>5</Version><Level>4</Level><Task>23</Task><Opcode>0</Opcode><Keywords>0x8000000000000000</Keywords><TimeCreated SystemTime=""2025-05-15T10:33:55.849500000Z""/><EventRecordID>841084</EventRecordID><Correlation/><Execution ProcessID=""1135"" ThreadID=""1135""/><Channel>Linux-Sysmon/Operational</Channel><Computer>kali</Computer><Security UserId=""0""/></System><EventData><Data Name=""RuleName"">-</Data><Data Name=""UtcTime"">2025-05-13 22:17:17.712</Data><Data Name=""ProcessGuid"">{d3ab02d2-c4ed-6823-0123-a46380550000}</Data><Data Name=""ProcessId"">368831</Data><Data Name=""User"">kali</Data><Data Name=""Image"">/usr/bin/zsh</Data><Data Name=""TargetFilename"">/home/kali/.zsh_history.LOCK</Data><Data Name=""Hashes"">-</Data><Data Name=""IsExecutable"">-</Data><Data Name=""Archived"">-</Data></EventData></Event>","2025-05-15T16:03:55.849+0530",16,15,3,may,55,thursday,2025,330,,kali,"linux_logs",1,,sysmon,"--::.+:__:_<><><_=""-""_=""{----}""/><></><></><></><>","/var/log/syslog",syslog,KANHA,,32,0
,"{ff032593-a8d3-4f13-b0d6-01fc615a0f97}","Linux-Sysmon",,1135,,"2025-05-15T10:33:34.922100000Z",,1135,,0,"2025-05-15T16:03:34.922334+05:30 kali sysmon: <Event><System><Provider Name=""Linux-Sysmon"" Guid=""{ff032593-a8d3-4f13-b0d6-01fc615a0f97}""/><EventID>23</EventID><Version>5</Version><Level>4</Level><Task>23</Task><Opcode>0</Opcode><Keywords>0x8000000000000000</Keywords><TimeCreated SystemTime=""2025-05-15T10:33:34.922100000Z""/><EventRecordID>840688</EventRecordID><Correlation/><Execution ProcessID=""1135"" ThreadID=""1135""/><Channel>Linux-Sysmon/Operational</Channel><Computer>kali</Computer><Security UserId=""0""/></System><EventData><Data Name=""RuleName"">-</Data><Data Name=""UtcTime"">2025-05-13 22:16:56.785</Data><Data Name=""ProcessGuid"">{d3ab02d2-c4d8-6823-0173-15f620560000}</Data><Data Name=""ProcessId"">368621</Data><Data Name=""User"">kali</Data><Data Name=""Image"">/usr/bin/zsh</Data><Data Name=""TargetFilename"">/home/kali/.zsh_history.LOCK</Data><Data Name=""Hashes"">-</Data><Data Name=""IsExecutable"">-</Data><Data Name=""Archived"">-</Data></EventData></Event>","2025-05-15T16:03:34.922+0530",16,15,3,may,34,thursday,2025,330,,kali,"linux_logs",1,,sysmon,"--::.+:__:_<><><_=""-""_=""{----}""/><></><></><></><>","/var/log/syslog",syslog,KANHA,,32,0
,"{ff032593-a8d3-4f13-b0d6-01fc615a0f97}","Linux-Sysmon",,1135,,"2025-05-15T09:46:05.865491000Z",,1135,,0,"2025-05-15T15:16:05.865699+05:30 kali sysmon: <Event><System><Provider Name=""Linux-Sysmon"" Guid=""{ff032593-a8d3-4f13-b0d6-01fc615a0f97}""/><EventID>23</EventID><Version>5</Version><Level>4</Level><Task>23</Task><Opcode>0</Opcode><Keywords>0x8000000000000000</Keywords><TimeCreated SystemTime=""2025-05-15T09:46:05.865491000Z""/><EventRecordID>796605</EventRecordID><Correlation/><Execution ProcessID=""1135"" ThreadID=""1135""/><Channel>Linux-Sysmon/Operational</Channel><Computer>kali</Computer><Security UserId=""0""/></System><EventData><Data Name=""RuleName"">-</Data><Data Name=""UtcTime"">2025-05-13 21:29:27.728</Data><Data Name=""ProcessGuid"">{d3ab02d2-b9b6-6823-0153-08560c560000}</Data><Data Name=""ProcessId"">344915</Data><Data Name=""User"">-</Data><Data Name=""Image"">/usr/bin/zsh</Data><Data Name=""TargetFilename"">/root/.zsh_history.LOCK</Data><Data Name=""Hashes"">-</Data><Data Name=""IsExecutable"">-</Data><Data Name=""Archived"">-</Data></EventData></Event>","2025-05-15T15:16:05.865+0530",15,15,16,may,5,thursday,2025,330,,kali,"linux_logs",1,,sysmon,"--::.+:__:_<><><_=""-""_=""{----}""/><></><></><></><>","/var/log/syslog",syslog,KANHA,,32,0
,"{ff032593-a8d3-4f13-b0d6-01fc615a0f97}","Linux-Sysmon",,1135,,"2025-05-15T09:45:59.996900000Z",,1135,,0,"2025-05-15T15:15:59.998291+05:30 kali sysmon: <Event><System><Provider Name=""Linux-Sysmon"" Guid=""{ff032593-a8d3-4f13-b0d6-01fc615a0f97}""/><EventID>23</EventID><Version>5</Version><Level>4</Level><Task>23</Task><Opcode>0</Opcode><Keywords>0x8000000000000000</Keywords><TimeCreated SystemTime=""2025-05-15T09:45:59.996900000Z""/><EventRecordID>795974</EventRecordID><Correlation/><Execution ProcessID=""1135"" ThreadID=""1135""/><Channel>Linux-Sysmon/Operational</Channel><Computer>kali</Computer><Security UserId=""0""/></System><EventData><Data Name=""RuleName"">-</Data><Data Name=""UtcTime"">2025-05-13 21:29:21.858</Data><Data Name=""ProcessGuid"">{d3ab02d2-b9ae-6823-0143-9298db550000}</Data><Data Name=""ProcessId"">344824</Data><Data Name=""User"">kali</Data><Data Name=""Image"">/usr/bin/zsh</Data><Data Name=""TargetFilename"">/home/kali/.zsh_history.LOCK</Data><Data Name=""Hashes"">-</Data><Data Name=""IsExecutable"">-</Data><Data Name=""Archived"">-</Data></EventData></Event>","2025-05-15T15:15:59.998+0530",15,15,15,may,59,thursday,2025,330,,kali,"linux_logs",1,,sysmon,"--::.+:__:_<><><_=""-""_=""{----}""/><></><></><></><>","/var/log/syslog",syslog,KANHA,,32,0
,"{ff032593-a8d3-4f13-b0d6-01fc615a0f97}","Linux-Sysmon",,1135,,"2025-05-15T09:45:57.200531000Z",,1135,,0,"2025-05-15T15:15:57.200828+05:30 kali sysmon: <Event><System><Provider Name=""Linux-Sysmon"" Guid=""{ff032593-a8d3-4f13-b0d6-01fc615a0f97}""/><EventID>23</EventID><Version>5</Version><Level>4</Level><Task>23</Task><Opcode>0</Opcode><Keywords>0x8000000000000000</Keywords><TimeCreated SystemTime=""2025-05-15T09:45:57.200531000Z""/><EventRecordID>795929</EventRecordID><Correlation/><Execution ProcessID=""1135"" ThreadID=""1135""/><Channel>Linux-Sysmon/Operational</Channel><Computer>kali</Computer><Security UserId=""0""/></System><EventData><Data Name=""RuleName"">-</Data><Data Name=""UtcTime"">2025-05-13 21:29:19.063</Data><Data Name=""ProcessGuid"">{d3ab02d2-b9ae-6823-0143-9298db550000}</Data><Data Name=""ProcessId"">344824</Data><Data Name=""User"">kali</Data><Data Name=""Image"">/usr/bin/zsh</Data><Data Name=""TargetFilename"">/home/kali/.zsh_history.LOCK</Data><Data Name=""Hashes"">-</Data><Data Name=""IsExecutable"">-</Data><Data Name=""Archived"">-</Data></EventData></Event>","2025-05-15T15:15:57.200+0530",15,15,15,may,57,thursday,2025,330,,kali,"linux_logs",1,,sysmon,"--::.+:__:_<><><_=""-""_=""{----}""/><></><></><></><>","/var/log/syslog",syslog,KANHA,,32,0
,"{ff032593-a8d3-4f13-b0d6-01fc615a0f97}","Linux-Sysmon",,1135,,"2025-05-15T09:43:45.760776000Z",,1135,,0,"2025-05-15T15:13:45.762881+05:30 kali sysmon: <Event><System><Provider Name=""Linux-Sysmon"" Guid=""{ff032593-a8d3-4f13-b0d6-01fc615a0f97}""/><EventID>23</EventID><Version>5</Version><Level>4</Level><Task>23</Task><Opcode>0</Opcode><Keywords>0x8000000000000000</Keywords><TimeCreated SystemTime=""2025-05-15T09:43:45.760776000Z""/><EventRecordID>791935</EventRecordID><Correlation/><Execution ProcessID=""1135"" ThreadID=""1135""/><Channel>Linux-Sysmon/Operational</Channel><Computer>kali</Computer><Security UserId=""0""/></System><EventData><Data Name=""RuleName"">-</Data><Data Name=""UtcTime"">2025-05-13 21:27:07.624</Data><Data Name=""ProcessGuid"">{d3ab02d2-b91a-6823-01f3-2987fb550000}</Data><Data Name=""ProcessId"">341955</Data><Data Name=""User"">-</Data><Data Name=""Image"">/usr/bin/zsh</Data><Data Name=""TargetFilename"">/root/.zsh_history.LOCK</Data><Data Name=""Hashes"">-</Data><Data Name=""IsExecutable"">-</Data><Data Name=""Archived"">-</Data></EventData></Event>","2025-05-15T15:13:45.762+0530",15,15,13,may,45,thursday,2025,330,,kali,"linux_logs",1,,sysmon,"--::.+:__:_<><><_=""-""_=""{----}""/><></><></><></><>","/var/log/syslog",syslog,KANHA,,32,0
,"{ff032593-a8d3-4f13-b0d6-01fc615a0f97}","Linux-Sysmon",,1135,,"2025-05-15T09:43:30.443674000Z",,1135,,0,"2025-05-15T15:13:30.443923+05:30 kali sysmon: <Event><System><Provider Name=""Linux-Sysmon"" Guid=""{ff032593-a8d3-4f13-b0d6-01fc615a0f97}""/><EventID>23</EventID><Version>5</Version><Level>4</Level><Task>23</Task><Opcode>0</Opcode><Keywords>0x8000000000000000</Keywords><TimeCreated SystemTime=""2025-05-15T09:43:30.443674000Z""/><EventRecordID>791282</EventRecordID><Correlation/><Execution ProcessID=""1135"" ThreadID=""1135""/><Channel>Linux-Sysmon/Operational</Channel><Computer>kali</Computer><Security UserId=""0""/></System><EventData><Data Name=""RuleName"">-</Data><Data Name=""UtcTime"">2025-05-13 21:26:52.306</Data><Data Name=""ProcessGuid"">{d3ab02d2-b91a-6823-01f3-2987fb550000}</Data><Data Name=""ProcessId"">341955</Data><Data Name=""User"">-</Data><Data Name=""Image"">/usr/bin/zsh</Data><Data Name=""TargetFilename"">/root/.zsh_history.LOCK</Data><Data Name=""Hashes"">-</Data><Data Name=""IsExecutable"">-</Data><Data Name=""Archived"">-</Data></EventData></Event>","2025-05-15T15:13:30.443+0530",15,15,13,may,30,thursday,2025,330,,kali,"linux_logs",1,,sysmon,"--::.+:__:_<><><_=""-""_=""{----}""/><></><></><></><>","/var/log/syslog",syslog,KANHA,,32,0
,"{ff032593-a8d3-4f13-b0d6-01fc615a0f97}","Linux-Sysmon",,1135,,"2025-05-15T09:43:18.278483000Z",,1135,,0,"2025-05-15T15:13:18.279982+05:30 kali sysmon: <Event><System><Provider Name=""Linux-Sysmon"" Guid=""{ff032593-a8d3-4f13-b0d6-01fc615a0f97}""/><EventID>23</EventID><Version>5</Version><Level>4</Level><Task>23</Task><Opcode>0</Opcode><Keywords>0x8000000000000000</Keywords><TimeCreated SystemTime=""2025-05-15T09:43:18.278483000Z""/><EventRecordID>790575</EventRecordID><Correlation/><Execution ProcessID=""1135"" ThreadID=""1135""/><Channel>Linux-Sysmon/Operational</Channel><Computer>kali</Computer><Security UserId=""0""/></System><EventData><Data Name=""RuleName"">-</Data><Data Name=""UtcTime"">2025-05-13 21:26:40.141</Data><Data Name=""ProcessGuid"">{d3ab02d2-b852-6823-01a3-a41d13560000}</Data><Data Name=""ProcessId"">339899</Data><Data Name=""User"">-</Data><Data Name=""Image"">/usr/bin/zsh</Data><Data Name=""TargetFilename"">/root/.zsh_history.LOCK</Data><Data Name=""Hashes"">-</Data><Data Name=""IsExecutable"">-</Data><Data Name=""Archived"">-</Data></EventData></Event>","2025-05-15T15:13:18.279+0530",15,15,13,may,18,thursday,2025,330,,kali,"linux_logs",1,,sysmon,"--::.+:__:_<><><_=""-""_=""{----}""/><></><></><></><>","/var/log/syslog",syslog,KANHA,,32,0
,"{ff032593-a8d3-4f13-b0d6-01fc615a0f97}","Linux-Sysmon",,1135,,"2025-05-15T09:40:10.577216000Z",,1135,,0,"2025-05-15T15:10:10.577739+05:30 kali sysmon: <Event><System><Provider Name=""Linux-Sysmon"" Guid=""{ff032593-a8d3-4f13-b0d6-01fc615a0f97}""/><EventID>23</EventID><Version>5</Version><Level>4</Level><Task>23</Task><Opcode>0</Opcode><Keywords>0x8000000000000000</Keywords><TimeCreated SystemTime=""2025-05-15T09:40:10.577216000Z""/><EventRecordID>787524</EventRecordID><Correlation/><Execution ProcessID=""1135"" ThreadID=""1135""/><Channel>Linux-Sysmon/Operational</Channel><Computer>kali</Computer><Security UserId=""0""/></System><EventData><Data Name=""RuleName"">-</Data><Data Name=""UtcTime"">2025-05-13 21:23:32.440</Data><Data Name=""ProcessGuid"">{d3ab02d2-b852-6823-01a3-a41d13560000}</Data><Data Name=""ProcessId"">339899</Data><Data Name=""User"">-</Data><Data Name=""Image"">/usr/bin/zsh</Data><Data Name=""TargetFilename"">/root/.zsh_history.LOCK</Data><Data Name=""Hashes"">-</Data><Data Name=""IsExecutable"">-</Data><Data Name=""Archived"">-</Data></EventData></Event>","2025-05-15T15:10:10.577+0530",15,15,10,may,10,thursday,2025,330,,kali,"linux_logs",1,,sysmon,"--::.+:__:_<><><_=""-""_=""{----}""/><></><></><></><>","/var/log/syslog",syslog,KANHA,,32,0
,"{ff032593-a8d3-4f13-b0d6-01fc615a0f97}","Linux-Sysmon",,1135,,"2025-05-15T09:39:58.694320000Z",,1135,,0,"2025-05-15T15:09:58.694792+05:30 kali sysmon: <Event><System><Provider Name=""Linux-Sysmon"" Guid=""{ff032593-a8d3-4f13-b0d6-01fc615a0f97}""/><EventID>23</EventID><Version>5</Version><Level>4</Level><Task>23</Task><Opcode>0</Opcode><Keywords>0x8000000000000000</Keywords><TimeCreated SystemTime=""2025-05-15T09:39:58.694320000Z""/><EventRecordID>786804</EventRecordID><Correlation/><Execution ProcessID=""1135"" ThreadID=""1135""/><Channel>Linux-Sysmon/Operational</Channel><Computer>kali</Computer><Security UserId=""0""/></System><EventData><Data Name=""RuleName"">-</Data><Data Name=""UtcTime"">2025-05-13 21:23:20.557</Data><Data Name=""ProcessGuid"">{d3ab02d2-b83c-6823-0183-2b0338560000}</Data><Data Name=""ProcessId"">339352</Data><Data Name=""User"">-</Data><Data Name=""Image"">/usr/bin/zsh</Data><Data Name=""TargetFilename"">/root/.zsh_history.LOCK</Data><Data Name=""Hashes"">-</Data><Data Name=""IsExecutable"">-</Data><Data Name=""Archived"">-</Data></EventData></Event>","2025-05-15T15:09:58.694+0530",15,15,9,may,58,thursday,2025,330,,kali,"linux_logs",1,,sysmon,"--::.+:__:_<><><_=""-""_=""{----}""/><></><></><></><>","/var/log/syslog",syslog,KANHA,,32,0
,"{ff032593-a8d3-4f13-b0d6-01fc615a0f97}","Linux-Sysmon",,1135,,"2025-05-15T09:39:47.761568000Z",,1135,,0,"2025-05-15T15:09:47.761833+05:30 kali sysmon: <Event><System><Provider Name=""Linux-Sysmon"" Guid=""{ff032593-a8d3-4f13-b0d6-01fc615a0f97}""/><EventID>23</EventID><Version>5</Version><Level>4</Level><Task>23</Task><Opcode>0</Opcode><Keywords>0x8000000000000000</Keywords><TimeCreated SystemTime=""2025-05-15T09:39:47.761568000Z""/><EventRecordID>786633</EventRecordID><Correlation/><Execution ProcessID=""1135"" ThreadID=""1135""/><Channel>Linux-Sysmon/Operational</Channel><Computer>kali</Computer><Security UserId=""0""/></System><EventData><Data Name=""RuleName"">-</Data><Data Name=""UtcTime"">2025-05-13 21:23:09.624</Data><Data Name=""ProcessGuid"">{d3ab02d2-b83c-6823-0183-2b0338560000}</Data><Data Name=""ProcessId"">339352</Data><Data Name=""User"">-</Data><Data Name=""Image"">/usr/bin/zsh</Data><Data Name=""TargetFilename"">/root/.zsh_history.LOCK</Data><Data Name=""Hashes"">-</Data><Data Name=""IsExecutable"">-</Data><Data Name=""Archived"">-</Data></EventData></Event>","2025-05-15T15:09:47.761+0530",15,15,9,may,47,thursday,2025,330,,kali,"linux_logs",1,,sysmon,"--::.+:__:_<><><_=""-""_=""{----}""/><></><></><></><>","/var/log/syslog",syslog,KANHA,,32,0
,"{ff032593-a8d3-4f13-b0d6-01fc615a0f97}","Linux-Sysmon",,1135,,"2025-05-15T09:39:03.207987000Z",,1135,,0,"2025-05-15T15:09:03.211839+05:30 kali sysmon: <Event><System><Provider Name=""Linux-Sysmon"" Guid=""{ff032593-a8d3-4f13-b0d6-01fc615a0f97}""/><EventID>23</EventID><Version>5</Version><Level>4</Level><Task>23</Task><Opcode>0</Opcode><Keywords>0x8000000000000000</Keywords><TimeCreated SystemTime=""2025-05-15T09:39:03.207987000Z""/><EventRecordID>784708</EventRecordID><Correlation/><Execution ProcessID=""1135"" ThreadID=""1135""/><Channel>Linux-Sysmon/Operational</Channel><Computer>kali</Computer><Security UserId=""0""/></System><EventData><Data Name=""RuleName"">-</Data><Data Name=""UtcTime"">2025-05-13 21:22:25.071</Data><Data Name=""ProcessGuid"">{d3ab02d2-b7ed-6823-01a3-ecee13560000}</Data><Data Name=""ProcessId"">337631</Data><Data Name=""User"">-</Data><Data Name=""Image"">/usr/bin/zsh</Data><Data Name=""TargetFilename"">/root/.zsh_history.LOCK</Data><Data Name=""Hashes"">-</Data><Data Name=""IsExecutable"">-</Data><Data Name=""Archived"">-</Data></EventData></Event>","2025-05-15T15:09:03.211+0530",15,15,9,may,3,thursday,2025,330,,kali,"linux_logs",1,,sysmon,"--::.+:__:_<><><_=""-""_=""{----}""/><></><></><></><>","/var/log/syslog",syslog,KANHA,,32,0
,"{ff032593-a8d3-4f13-b0d6-01fc615a0f97}","Linux-Sysmon",,1135,,"2025-05-15T09:39:03.204786000Z",,1135,,0,"2025-05-15T15:09:03.211268+05:30 kali sysmon: <Event><System><Provider Name=""Linux-Sysmon"" Guid=""{ff032593-a8d3-4f13-b0d6-01fc615a0f97}""/><EventID>23</EventID><Version>5</Version><Level>4</Level><Task>23</Task><Opcode>0</Opcode><Keywords>0x8000000000000000</Keywords><TimeCreated SystemTime=""2025-05-15T09:39:03.204786000Z""/><EventRecordID>784706</EventRecordID><Correlation/><Execution ProcessID=""1135"" ThreadID=""1135""/><Channel>Linux-Sysmon/Operational</Channel><Computer>kali</Computer><Security UserId=""0""/></System><EventData><Data Name=""RuleName"">-</Data><Data Name=""UtcTime"">2025-05-13 21:22:25.068</Data><Data Name=""ProcessGuid"">{d3ab02d2-b5b7-6823-01f3-aefa8c550000}</Data><Data Name=""ProcessId"">332777</Data><Data Name=""User"">-</Data><Data Name=""Image"">/usr/bin/zsh</Data><Data Name=""TargetFilename"">/root/.zsh_history.LOCK</Data><Data Name=""Hashes"">-</Data><Data Name=""IsExecutable"">-</Data><Data Name=""Archived"">-</Data></EventData></Event>","2025-05-15T15:09:03.211+0530",15,15,9,may,3,thursday,2025,330,,kali,"linux_logs",1,,sysmon,"--::.+:__:_<><><_=""-""_=""{----}""/><></><></><></><>","/var/log/syslog",syslog,KANHA,,32,0
,"{ff032593-a8d3-4f13-b0d6-01fc615a0f97}","Linux-Sysmon",,1135,,"2025-05-15T09:38:47.285856000Z",,1135,,0,"2025-05-15T15:08:47.285992+05:30 kali sysmon: <Event><System><Provider Name=""Linux-Sysmon"" Guid=""{ff032593-a8d3-4f13-b0d6-01fc615a0f97}""/><EventID>23</EventID><Version>5</Version><Level>4</Level><Task>23</Task><Opcode>0</Opcode><Keywords>0x8000000000000000</Keywords><TimeCreated SystemTime=""2025-05-15T09:38:47.285856000Z""/><EventRecordID>783923</EventRecordID><Correlation/><Execution ProcessID=""1135"" ThreadID=""1135""/><Channel>Linux-Sysmon/Operational</Channel><Computer>kali</Computer><Security UserId=""0""/></System><EventData><Data Name=""RuleName"">-</Data><Data Name=""UtcTime"">2025-05-13 21:22:09.145</Data><Data Name=""ProcessGuid"">{d3ab02d2-b51f-6823-0153-28092d560000}</Data><Data Name=""ProcessId"">331407</Data><Data Name=""User"">kali</Data><Data Name=""Image"">/usr/bin/zsh</Data><Data Name=""TargetFilename"">/home/kali/.zsh_history.LOCK</Data><Data Name=""Hashes"">-</Data><Data Name=""IsExecutable"">-</Data><Data Name=""Archived"">-</Data></EventData></Event>","2025-05-15T15:08:47.285+0530",15,15,8,may,47,thursday,2025,330,,kali,"linux_logs",1,,sysmon,"--::.+:__:_<><><_=""-""_=""{----}""/><></><></><></><>","/var/log/syslog",syslog,KANHA,,32,0
,"{ff032593-a8d3-4f13-b0d6-01fc615a0f97}","Linux-Sysmon",,1135,,"2025-05-15T09:38:47.237322000Z",,1135,,0,"2025-05-15T15:08:47.249622+05:30 kali sysmon: <Event><System><Provider Name=""Linux-Sysmon"" Guid=""{ff032593-a8d3-4f13-b0d6-01fc615a0f97}""/><EventID>23</EventID><Version>5</Version><Level>4</Level><Task>23</Task><Opcode>0</Opcode><Keywords>0x8000000000000000</Keywords><TimeCreated SystemTime=""2025-05-15T09:38:47.237322000Z""/><EventRecordID>783901</EventRecordID><Correlation/><Execution ProcessID=""1135"" ThreadID=""1135""/><Channel>Linux-Sysmon/Operational</Channel><Computer>kali</Computer><Security UserId=""0""/></System><EventData><Data Name=""RuleName"">-</Data><Data Name=""UtcTime"">2025-05-13 21:22:09.100</Data><Data Name=""ProcessGuid"">{d3ab02d2-b4ab-6823-0153-ba00a5550000}</Data><Data Name=""ProcessId"">330369</Data><Data Name=""User"">kali</Data><Data Name=""Image"">/usr/bin/zsh</Data><Data Name=""TargetFilename"">/home/kali/.zsh_history.LOCK</Data><Data Name=""Hashes"">-</Data><Data Name=""IsExecutable"">-</Data><Data Name=""Archived"">-</Data></EventData></Event>","2025-05-15T15:08:47.249+0530",15,15,8,may,47,thursday,2025,330,,kali,"linux_logs",1,,sysmon,"--::.+:__:_<><><_=""-""_=""{----}""/><></><></><></><>","/var/log/syslog",syslog,KANHA,,32,0
,"{ff032593-a8d3-4f13-b0d6-01fc615a0f97}","Linux-Sysmon",,1135,,"2025-05-15T09:38:47.221653000Z",,1135,,0,"2025-05-15T15:08:47.240412+05:30 kali sysmon: <Event><System><Provider Name=""Linux-Sysmon"" Guid=""{ff032593-a8d3-4f13-b0d6-01fc615a0f97}""/><EventID>23</EventID><Version>5</Version><Level>4</Level><Task>23</Task><Opcode>0</Opcode><Keywords>0x8000000000000000</Keywords><TimeCreated SystemTime=""2025-05-15T09:38:47.221653000Z""/><EventRecordID>783896</EventRecordID><Correlation/><Execution ProcessID=""1135"" ThreadID=""1135""/><Channel>Linux-Sysmon/Operational</Channel><Computer>kali</Computer><Security UserId=""0""/></System><EventData><Data Name=""RuleName"">-</Data><Data Name=""UtcTime"">2025-05-13 21:22:09.082</Data><Data Name=""ProcessGuid"">{d3ab02d2-b432-6823-01e3-da9817560000}</Data><Data Name=""ProcessId"">329323</Data><Data Name=""User"">kali</Data><Data Name=""Image"">/usr/bin/zsh</Data><Data Name=""TargetFilename"">/home/kali/.zsh_history.LOCK</Data><Data Name=""Hashes"">-</Data><Data Name=""IsExecutable"">-</Data><Data Name=""Archived"">-</Data></EventData></Event>","2025-05-15T15:08:47.240+0530",15,15,8,may,47,thursday,2025,330,,kali,"linux_logs",1,,sysmon,"--::.+:__:_<><><_=""-""_=""{----}""/><></><></><></><>","/var/log/syslog",syslog,KANHA,,32,0
,"{ff032593-a8d3-4f13-b0d6-01fc615a0f97}","Linux-Sysmon",,1135,,"2025-05-15T09:38:28.556961000Z",,1135,,0,"2025-05-15T15:08:28.557443+05:30 kali sysmon: <Event><System><Provider Name=""Linux-Sysmon"" Guid=""{ff032593-a8d3-4f13-b0d6-01fc615a0f97}""/><EventID>23</EventID><Version>5</Version><Level>4</Level><Task>23</Task><Opcode>0</Opcode><Keywords>0x8000000000000000</Keywords><TimeCreated SystemTime=""2025-05-15T09:38:28.556961000Z""/><EventRecordID>783595</EventRecordID><Correlation/><Execution ProcessID=""1135"" ThreadID=""1135""/><Channel>Linux-Sysmon/Operational</Channel><Computer>kali</Computer><Security UserId=""0""/></System><EventData><Data Name=""RuleName"">-</Data><Data Name=""UtcTime"">2025-05-13 21:21:50.420</Data><Data Name=""ProcessGuid"">{d3ab02d2-b7ed-6823-01a3-ecee13560000}</Data><Data Name=""ProcessId"">337631</Data><Data Name=""User"">-</Data><Data Name=""Image"">/usr/bin/zsh</Data><Data Name=""TargetFilename"">/root/.zsh_history.LOCK</Data><Data Name=""Hashes"">-</Data><Data Name=""IsExecutable"">-</Data><Data Name=""Archived"">-</Data></EventData></Event>","2025-05-15T15:08:28.557+0530",15,15,8,may,28,thursday,2025,330,,kali,"linux_logs",1,,sysmon,"--::.+:__:_<><><_=""-""_=""{----}""/><></><></><></><>","/var/log/syslog",syslog,KANHA,,32,0
,"{ff032593-a8d3-4f13-b0d6-01fc615a0f97}","Linux-Sysmon",,1135,,"2025-05-15T09:29:03.096264000Z",,1135,,0,"2025-05-15T14:59:03.096439+05:30 kali sysmon: <Event><System><Provider Name=""Linux-Sysmon"" Guid=""{ff032593-a8d3-4f13-b0d6-01fc615a0f97}""/><EventID>23</EventID><Version>5</Version><Level>4</Level><Task>23</Task><Opcode>0</Opcode><Keywords>0x8000000000000000</Keywords><TimeCreated SystemTime=""2025-05-15T09:29:03.096264000Z""/><EventRecordID>774531</EventRecordID><Correlation/><Execution ProcessID=""1135"" ThreadID=""1135""/><Channel>Linux-Sysmon/Operational</Channel><Computer>kali</Computer><Security UserId=""0""/></System><EventData><Data Name=""RuleName"">-</Data><Data Name=""UtcTime"">2025-05-13 21:12:24.959</Data><Data Name=""ProcessGuid"">{d3ab02d2-b5b7-6823-01f3-aefa8c550000}</Data><Data Name=""ProcessId"">332777</Data><Data Name=""User"">-</Data><Data Name=""Image"">/usr/bin/zsh</Data><Data Name=""TargetFilename"">/root/.zsh_history.LOCK</Data><Data Name=""Hashes"">-</Data><Data Name=""IsExecutable"">-</Data><Data Name=""Archived"">-</Data></EventData></Event>","2025-05-15T14:59:03.096+0530",14,15,59,may,3,thursday,2025,330,,kali,"linux_logs",1,,sysmon,"--::.+:__:_<><><_=""-""_=""{----}""/><></><></><></><>","/var/log/syslog",syslog,KANHA,,32,0
,"{ff032593-a8d3-4f13-b0d6-01fc615a0f97}","Linux-Sysmon",,1135,,"2025-05-15T09:28:54.510939000Z",,1135,,0,"2025-05-15T14:58:54.511497+05:30 kali sysmon: <Event><System><Provider Name=""Linux-Sysmon"" Guid=""{ff032593-a8d3-4f13-b0d6-01fc615a0f97}""/><EventID>23</EventID><Version>5</Version><Level>4</Level><Task>23</Task><Opcode>0</Opcode><Keywords>0x8000000000000000</Keywords><TimeCreated SystemTime=""2025-05-15T09:28:54.510939000Z""/><EventRecordID>773892</EventRecordID><Correlation/><Execution ProcessID=""1135"" ThreadID=""1135""/><Channel>Linux-Sysmon/Operational</Channel><Computer>kali</Computer><Security UserId=""0""/></System><EventData><Data Name=""RuleName"">-</Data><Data Name=""UtcTime"">2025-05-13 21:12:16.374</Data><Data Name=""ProcessGuid"">{d3ab02d2-1955-6823-0113-f36d5e550000}</Data><Data Name=""ProcessId"">4557</Data><Data Name=""User"">-</Data><Data Name=""Image"">/usr/bin/zsh</Data><Data Name=""TargetFilename"">/root/.zsh_history.LOCK</Data><Data Name=""Hashes"">-</Data><Data Name=""IsExecutable"">-</Data><Data Name=""Archived"">-</Data></EventData></Event>","2025-05-15T14:58:54.511+0530",14,15,58,may,54,thursday,2025,330,,kali,"linux_logs",1,,sysmon,"--::.+:__:_<><><_=""-""_=""{----}""/><></><></><></><>","/var/log/syslog",syslog,KANHA,,32,0
,"{ff032593-a8d3-4f13-b0d6-01fc615a0f97}","Linux-Sysmon",,1135,,"2025-05-15T09:26:29.546640000Z",,1135,,0,"2025-05-15T14:56:29.546999+05:30 kali sysmon: <Event><System><Provider Name=""Linux-Sysmon"" Guid=""{ff032593-a8d3-4f13-b0d6-01fc615a0f97}""/><EventID>23</EventID><Version>5</Version><Level>4</Level><Task>23</Task><Opcode>0</Opcode><Keywords>0x8000000000000000</Keywords><TimeCreated SystemTime=""2025-05-15T09:26:29.546640000Z""/><EventRecordID>771572</EventRecordID><Correlation/><Execution ProcessID=""1135"" ThreadID=""1135""/><Channel>Linux-Sysmon/Operational</Channel><Computer>kali</Computer><Security UserId=""0""/></System><EventData><Data Name=""RuleName"">-</Data><Data Name=""UtcTime"">2025-05-13 21:09:51.409</Data><Data Name=""ProcessGuid"">{d3ab02d2-b51f-6823-0153-28092d560000}</Data><Data Name=""ProcessId"">331407</Data><Data Name=""User"">kali</Data><Data Name=""Image"">/usr/bin/zsh</Data><Data Name=""TargetFilename"">/home/kali/.zsh_history.LOCK</Data><Data Name=""Hashes"">-</Data><Data Name=""IsExecutable"">-</Data><Data Name=""Archived"">-</Data></EventData></Event>","2025-05-15T14:56:29.546+0530",14,15,56,may,29,thursday,2025,330,,kali,"linux_logs",1,,sysmon,"--::.+:__:_<><><_=""-""_=""{----}""/><></><></><></><>","/var/log/syslog",syslog,KANHA,,32,0
,"{ff032593-a8d3-4f13-b0d6-01fc615a0f97}","Linux-Sysmon",,1135,,"2025-05-15T09:24:33.960981000Z",,1135,,0,"2025-05-15T14:54:33.961220+05:30 kali sysmon: <Event><System><Provider Name=""Linux-Sysmon"" Guid=""{ff032593-a8d3-4f13-b0d6-01fc615a0f97}""/><EventID>23</EventID><Version>5</Version><Level>4</Level><Task>23</Task><Opcode>0</Opcode><Keywords>0x8000000000000000</Keywords><TimeCreated SystemTime=""2025-05-15T09:24:33.960981000Z""/><EventRecordID>769673</EventRecordID><Correlation/><Execution ProcessID=""1135"" ThreadID=""1135""/><Channel>Linux-Sysmon/Operational</Channel><Computer>kali</Computer><Security UserId=""0""/></System><EventData><Data Name=""RuleName"">-</Data><Data Name=""UtcTime"">2025-05-13 21:07:55.824</Data><Data Name=""ProcessGuid"">{d3ab02d2-b4ab-6823-0153-ba00a5550000}</Data><Data Name=""ProcessId"">330369</Data><Data Name=""User"">kali</Data><Data Name=""Image"">/usr/bin/zsh</Data><Data Name=""TargetFilename"">/home/kali/.zsh_history.LOCK</Data><Data Name=""Hashes"">-</Data><Data Name=""IsExecutable"">-</Data><Data Name=""Archived"">-</Data></EventData></Event>","2025-05-15T14:54:33.961+0530",14,15,54,may,33,thursday,2025,330,,kali,"linux_logs",1,,sysmon,"--::.+:__:_<><><_=""-""_=""{----}""/><></><></><></><>","/var/log/syslog",syslog,KANHA,,32,0
,"{ff032593-a8d3-4f13-b0d6-01fc615a0f97}","Linux-Sysmon",,1135,,"2025-05-15T09:22:32.903283000Z",,1135,,0,"2025-05-15T14:52:32.903536+05:30 kali sysmon: <Event><System><Provider Name=""Linux-Sysmon"" Guid=""{ff032593-a8d3-4f13-b0d6-01fc615a0f97}""/><EventID>23</EventID><Version>5</Version><Level>4</Level><Task>23</Task><Opcode>0</Opcode><Keywords>0x8000000000000000</Keywords><TimeCreated SystemTime=""2025-05-15T09:22:32.903283000Z""/><EventRecordID>767728</EventRecordID><Correlation/><Execution ProcessID=""1135"" ThreadID=""1135""/><Channel>Linux-Sysmon/Operational</Channel><Computer>kali</Computer><Security UserId=""0""/></System><EventData><Data Name=""RuleName"">-</Data><Data Name=""UtcTime"">2025-05-13 21:05:54.766</Data><Data Name=""ProcessGuid"">{d3ab02d2-b432-6823-01e3-da9817560000}</Data><Data Name=""ProcessId"">329323</Data><Data Name=""User"">kali</Data><Data Name=""Image"">/usr/bin/zsh</Data><Data Name=""TargetFilename"">/home/kali/.zsh_history.LOCK</Data><Data Name=""Hashes"">-</Data><Data Name=""IsExecutable"">-</Data><Data Name=""Archived"">-</Data></EventData></Event>","2025-05-15T14:52:32.903+0530",14,15,52,may,32,thursday,2025,330,,kali,"linux_logs",1,,sysmon,"--::.+:__:_<><><_=""-""_=""{----}""/><></><></><></><>","/var/log/syslog",syslog,KANHA,,32,0
,"{ff032593-a8d3-4f13-b0d6-01fc615a0f97}","Linux-Sysmon",,1135,,"2025-05-15T06:47:49.541580000Z",,1135,,0,"2025-05-15T12:17:49.610444+05:30 kali sysmon: <Event><System><Provider Name=""Linux-Sysmon"" Guid=""{ff032593-a8d3-4f13-b0d6-01fc615a0f97}""/><EventID>23</EventID><Version>5</Version><Level>4</Level><Task>23</Task><Opcode>0</Opcode><Keywords>0x8000000000000000</Keywords><TimeCreated SystemTime=""2025-05-15T06:47:49.541580000Z""/><EventRecordID>638867</EventRecordID><Correlation/><Execution ProcessID=""1135"" ThreadID=""1135""/><Channel>Linux-Sysmon/Operational</Channel><Computer>kali</Computer><Security UserId=""0""/></System><EventData><Data Name=""RuleName"">-</Data><Data Name=""UtcTime"">2025-05-13 18:45:14.054</Data><Data Name=""ProcessGuid"">{d3ab02d2-9336-6823-f5a6-45dce6550000}</Data><Data Name=""ProcessId"">260418</Data><Data Name=""User"">-</Data><Data Name=""Image"">/usr/usr/sbin/logrotate</Data><Data Name=""TargetFilename"">/var/log/apt/history.log.1</Data><Data Name=""Hashes"">-</Data><Data Name=""IsExecutable"">-</Data><Data Name=""Archived"">-</Data></EventData></Event>","2025-05-15T12:17:49.610+0530",12,15,17,may,49,thursday,2025,330,,kali,"linux_logs",1,,sysmon,"--::.+:__:_<><><_=""-""_=""{----}""/><></><></><></><>","/var/log/syslog",syslog,KANHA,,32,0
